{
  "musicVolume": 0.1474576400498212,
  "effectVolume": 0.15815615646270054,
  "musicEnabled": false,
  "effectEnabled": true
}