{
  "musicVolume": 0.33388750298059533,
  "effectVolume": 0.5513764760489857,
  "musicEnabled": true,
  "effectEnabled": true
}