{
  "musicVolume": 0.9982942794088179,
  "effectVolume": 0.36493579808288396,
  "musicEnabled": true,
  "effectEnabled": true
}