{
  "musicVolume": 0.4779661146260924,
  "effectVolume": 0.15815615646270054,
  "musicEnabled": true,
  "effectEnabled": true
}