{
  "musicVolume": 0.8694807459491384,
  "effectVolume": 0.36493579808288396,
  "musicEnabled": false,
  "effectEnabled": true
}