{
  "musicVolume": 0.8745763099799722,
  "effectVolume": 0.37510529607389625,
  "musicEnabled": true,
  "effectEnabled": true
}