{
  "musicVolume": 0.4490260957311284,
  "effectVolume": 0.3795309168443497,
  "musicEnabled": true,
  "effectEnabled": true
}