{
  "musicVolume": 0.3949044585987263,
  "effectVolume": 0.6496815316995997,
  "musicEnabled": true,
  "effectEnabled": true
}