{
  "musicVolume": 0.33388750298059533,
  "effectVolume": 0.3795309168443497,
  "musicEnabled": true,
  "effectEnabled": true
}