{
  "musicVolume": 0.4779661146260924,
  "effectVolume": 0.37510529607389625,
  "musicEnabled": true,
  "effectEnabled": true
}